epoch,metric,cosine_lr,plateau_lr,plateau_reduced
1,0.920000,1e-05,1e-05,0
2,0.880000,9.69846310393e-06,1e-05,0
3,0.840000,8.83022221559e-06,1e-05,0
4,0.830000,7.5e-06,1e-05,0
5,0.835000,5.86824088833e-06,1e-05,0
6,0.845000,4.13175911167e-06,5e-06,1
7,0.860000,2.5e-06,5e-06,0
8,0.870000,1.16977778441e-06,2.5e-06,1
9,0.875000,3.0153689607e-07,2.5e-06,0
10,0.880000,0,1.25e-06,1
