{
  "Test5_Sprint3_S0_contrastive_accum_profOFF": {
    "eer": 0.009888751545117454,
    "loss": 0.00491281294294081,
    "recall_at_1": 1.0,
    "threshold": 0.9872781038284302,
    "batch_recall": 0.8061728462024972
  },
  "Test5_Sprint3_S0_contrastive_accum_profON": {
    "eer": 0.009888751545117454,
    "loss": 0.00491281294294081,
    "recall_at_1": 1.0,
    "threshold": 0.9872781038284302,
    "batch_recall": 0.8061728462024972
  },
  "Test5_Sprint3_S1_contrastive_accum_profOFF": {
    "eer": 0.008652657601977752,
    "loss": 0.005409190686057426,
    "recall_at_1": 1.0,
    "threshold": 0.9831191301345825,
    "batch_recall": 0.8061728462024972
  },
  "Test5_Sprint3_S1_contrastive_accum_profON": {
    "eer": 0.008652657601977752,
    "loss": 0.005409190686057426,
    "recall_at_1": 1.0,
    "threshold": 0.9831191301345825,
    "batch_recall": 0.8061728462024972
  },
  "Test5_Sprint3_S2_contrastive_accum_profOFF": {
    "eer": 0.008652657601977727,
    "loss": 0.004643641015044758,
    "recall_at_1": 1.0,
    "threshold": 0.9850031137466431,
    "batch_recall": 0.8061728462024972
  },
  "Test5_Sprint3_S2_contrastive_accum_profON": {
    "eer": 0.008652657601977727,
    "loss": 0.004643641015044758,
    "recall_at_1": 1.0,
    "threshold": 0.9850031137466431,
    "batch_recall": 0.8061728462024972
  },
  "Test5_Sprint3_S0_subcenter_arcface_accum_profOFF": {
    "eer": 0.0037082818294190524,
    "loss": 0.07805374638280935,
    "recall_at_1": 1.0,
    "threshold": 0.3395712077617645,
    "batch_recall": 0.8058642043007744
  },
  "Test5_Sprint3_S0_subcenter_arcface_accum_profON": {
    "eer": 0.0037082818294190524,
    "loss": 0.07805374638280935,
    "recall_at_1": 1.0,
    "threshold": 0.3395712077617645,
    "batch_recall": 0.8058642043007744
  },
  "Test5_Sprint3_S1_subcenter_arcface_accum_profOFF": {
    "eer": 0.00803461063040792,
    "loss": 0.18382952809333802,
    "recall_at_1": 1.0,
    "threshold": 0.52582848072052,
    "batch_recall": 0.8055555623990518
  },
  "Test5_Sprint3_S1_subcenter_arcface_accum_profON": {
    "eer": 0.00803461063040792,
    "loss": 0.18382952809333802,
    "recall_at_1": 1.0,
    "threshold": 0.52582848072052,
    "batch_recall": 0.8055555623990518
  },
  "Test5_Sprint3_S2_subcenter_arcface_accum_profOFF": {
    "eer": 0.00432632880098886,
    "loss": 0.10020891890205719,
    "recall_at_1": 1.0,
    "threshold": 0.41116631031036377,
    "batch_recall": 0.8055555623990518
  },
  "Test5_Sprint3_S2_subcenter_arcface_accum_profON": {
    "eer": 0.00432632880098886,
    "loss": 0.10020891890205719,
    "recall_at_1": 1.0,
    "threshold": 0.41116631031036377,
    "batch_recall": 0.8055555623990518
  },
  "Test5_Sprint3_S3_subcenter_arcface_accum_profOFF": {
    "eer": 0.0067985166872682416,
    "loss": 0.11242252148825813,
    "recall_at_1": 1.0,
    "threshold": 0.396642804145813,
    "batch_recall": 0.8061728462024972
  },
  "Test5_Sprint3_S3_subcenter_arcface_accum_profON": {
    "eer": 0.0067985166872682416,
    "loss": 0.11242252148825813,
    "recall_at_1": 1.0,
    "threshold": 0.396642804145813,
    "batch_recall": 0.8061728462024972
  },
  "Test5_Sprint3_S0_subcenter_cosface_accum_profOFF": {
    "eer": 0.0061804697156984025,
    "loss": 0.10298115169560468,
    "recall_at_1": 1.0,
    "threshold": 0.3766224682331085,
    "batch_recall": 0.8058642043007744
  },
  "Test5_Sprint3_S0_subcenter_cosface_accum_profON": {
    "eer": 0.0061804697156984025,
    "loss": 0.10298115169560468,
    "recall_at_1": 1.0,
    "threshold": 0.3766224682331085,
    "batch_recall": 0.8058642043007744
  },
  "Test5_Sprint3_S1_subcenter_cosface_accum_profOFF": {
    "eer": 0.004944375772558724,
    "loss": 0.10772390191063837,
    "recall_at_1": 1.0,
    "threshold": 0.36718475818634033,
    "batch_recall": 0.8055555623990518
  },
  "Test5_Sprint3_S1_subcenter_cosface_accum_profON": {
    "eer": 0.004944375772558724,
    "loss": 0.10772390191063837,
    "recall_at_1": 1.0,
    "threshold": 0.36718475818634033,
    "batch_recall": 0.8055555623990518
  },
  "Test5_Sprint3_S2_subcenter_cosface_accum_profOFF": {
    "eer": 0.0061804697156984025,
    "loss": 0.10113150105570201,
    "recall_at_1": 1.0,
    "threshold": 0.30184227228164673,
    "batch_recall": 0.8058642043007744
  }
}